timestamp,label1,label2
7/7/2017 9:34,9,9
7/7/2017 9:35,1,1
7/7/2017 10:04,4,3
7/7/2017 10:04,1,1
7/7/2017 10:04,4,3
7/7/2017 10:04,1,1
7/7/2017 10:04,5,4
7/7/2017 10:04,4,3
7/7/2017 10:04,1,1
7/7/2017 10:04,1,1
7/7/2017 10:04,4,3
7/7/2017 10:04,1,1
7/7/2017 10:04,4,3
7/7/2017 10:04,1,1
7/7/2017 10:05,4,3
7/7/2017 10:05,1,1
7/7/2017 10:05,4,3
7/7/2017 10:05,1,1
7/7/2017 10:05,4,3
7/7/2017 10:05,1,1
7/7/2017 10:05,4,3
7/7/2017 10:05,1,1
7/7/2017 10:05,4,3
7/7/2017 10:05,1,1
7/7/2017 10:05,4,3
7/7/2017 10:05,1,1
7/7/2017 10:06,4,3
7/7/2017 10:06,1,1
7/7/2017 10:06,4,3
7/7/2017 10:06,1,1
7/7/2017 10:06,4,3
7/7/2017 10:06,1,1
7/7/2017 10:06,4,3
7/7/2017 10:06,1,1
7/7/2017 10:06,4,3
7/7/2017 10:06,1,1
7/7/2017 10:07,4,3
7/7/2017 10:07,1,1
7/7/2017 10:07,4,3
7/7/2017 10:07,1,1
7/7/2017 10:07,4,3
7/7/2017 10:07,1,1
7/7/2017 10:07,4,3
7/7/2017 10:07,1,1
7/7/2017 10:07,4,3
7/7/2017 10:07,1,1
7/7/2017 10:07,4,3
7/7/2017 10:07,1,1
7/7/2017 10:08,4,3
7/7/2017 10:08,1,1
7/7/2017 10:08,4,3
7/7/2017 10:08,4,3
7/7/2017 10:08,1,1
7/7/2017 10:08,1,1
7/7/2017 10:08,4,3
7/7/2017 10:08,1,1
7/7/2017 10:08,4,3
7/7/2017 10:08,1,1
7/7/2017 10:08,4,3
7/7/2017 10:08,1,1
7/7/2017 10:09,4,3
7/7/2017 10:09,1,1
7/7/2017 10:09,4,3
7/7/2017 10:09,1,1
7/7/2017 10:09,4,3
7/7/2017 10:09,1,1
7/7/2017 10:09,4,3
7/7/2017 10:09,1,1
7/7/2017 10:09,4,3
7/7/2017 10:09,1,1
7/7/2017 10:09,4,3
7/7/2017 10:09,1,1
7/7/2017 10:09,4,3
7/7/2017 10:09,1,1
7/7/2017 10:10,4,3
7/7/2017 10:10,1,1
7/7/2017 10:10,4,3
7/7/2017 10:10,1,1
7/7/2017 10:10,4,3
7/7/2017 10:10,1,1
7/7/2017 10:10,4,3
7/7/2017 10:10,1,1
7/7/2017 10:10,4,3
7/7/2017 10:10,1,1
7/7/2017 10:10,4,3
7/7/2017 10:10,1,1
7/7/2017 10:10,4,3
7/7/2017 10:10,1,1
7/7/2017 10:11,4,3
7/7/2017 10:11,1,1
7/7/2017 10:12,4,3
7/7/2017 10:12,1,1
7/7/2017 10:12,4,3
7/7/2017 10:12,1,1
7/7/2017 10:13,4,3
7/7/2017 10:13,1,1
7/7/2017 10:13,4,3
7/7/2017 10:13,1,1
7/7/2017 10:14,4,3
7/7/2017 10:14,1,1
7/7/2017 10:14,4,3
7/7/2017 10:14,1,1
7/7/2017 10:15,4,3
7/7/2017 10:15,1,1
7/7/2017 10:15,4,3
7/7/2017 10:15,1,1
7/7/2017 10:16,4,3
7/7/2017 10:16,1,1
7/7/2017 10:17,4,3
7/7/2017 10:17,1,1
7/7/2017 10:17,4,3
7/7/2017 10:17,1,1
7/7/2017 10:18,4,3
7/7/2017 10:18,1,1
7/7/2017 10:18,4,3
7/7/2017 10:18,1,1
7/7/2017 10:19,4,3
7/7/2017 10:19,1,1
7/7/2017 10:19,4,3
7/7/2017 10:19,1,1
7/7/2017 10:20,4,3
7/7/2017 10:20,1,1
7/7/2017 10:20,4,3
7/7/2017 10:20,1,1
7/7/2017 10:21,4,3
7/7/2017 10:21,1,1
7/7/2017 10:22,5,4
7/7/2017 10:22,1,1
7/7/2017 10:22,4,3
7/7/2017 10:22,1,1
7/7/2017 10:22,4,3
7/7/2017 10:22,1,1
7/7/2017 10:22,4,3
7/7/2017 10:22,1,1
7/7/2017 10:22,4,3
7/7/2017 10:22,1,1
7/7/2017 10:22,4,3
7/7/2017 10:22,1,1
7/7/2017 10:22,4,3
7/7/2017 10:22,1,1
7/7/2017 10:22,4,3
7/7/2017 10:22,1,1
7/7/2017 10:23,4,3
7/7/2017 10:23,1,1
7/7/2017 10:23,4,3
7/7/2017 10:23,1,1
7/7/2017 10:23,4,3
7/7/2017 10:23,1,1
7/7/2017 10:23,4,3
7/7/2017 10:23,1,1
7/7/2017 10:23,4,3
7/7/2017 10:23,1,1
7/7/2017 10:23,4,3
7/7/2017 10:23,1,1
7/7/2017 10:24,4,3
7/7/2017 10:24,1,1
7/7/2017 10:24,4,3
7/7/2017 10:24,1,1
7/7/2017 10:24,4,3
7/7/2017 10:24,1,1
7/7/2017 10:24,4,3
7/7/2017 10:24,1,1
7/7/2017 10:24,4,3
7/7/2017 10:24,1,1
7/7/2017 10:24,4,3
7/7/2017 10:24,1,1
7/7/2017 10:24,4,3
7/7/2017 10:24,1,1
7/7/2017 10:24,4,3
7/7/2017 10:24,1,1
7/7/2017 10:25,5,4
7/7/2017 10:25,27,53
7/7/2017 10:25,1,1
7/7/2017 10:25,1,1
7/7/2017 10:25,4,3
7/7/2017 10:25,1,1
7/7/2017 10:25,4,3
7/7/2017 10:25,1,1
7/7/2017 10:25,4,3
7/7/2017 10:25,1,1
7/7/2017 10:25,4,3
7/7/2017 10:25,5,4
7/7/2017 10:25,1,1
7/7/2017 10:25,1,1
7/7/2017 10:25,21,28
7/7/2017 10:25,1,1
7/7/2017 10:25,4,3
7/7/2017 10:25,1,1
7/7/2017 10:26,4,3
7/7/2017 10:26,1,1
7/7/2017 10:26,4,3
7/7/2017 10:26,1,1
7/7/2017 10:26,4,3
7/7/2017 10:26,1,1
7/7/2017 10:26,4,3
7/7/2017 10:26,1,1
7/7/2017 10:26,4,3
7/7/2017 10:26,1,1
7/7/2017 10:26,4,3
7/7/2017 10:26,1,1
7/7/2017 10:26,4,3
7/7/2017 10:26,1,1
7/7/2017 10:26,4,3
7/7/2017 10:26,1,1
7/7/2017 10:26,5,4
7/7/2017 10:26,38,78
7/7/2017 10:26,1,1
7/7/2017 10:26,1,1
7/7/2017 10:26,5,4
7/7/2017 10:26,21,34
7/7/2017 10:26,1,1
7/7/2017 10:26,1,1
7/7/2017 10:26,5,4
7/7/2017 10:26,1,1
7/7/2017 10:26,21,30
7/7/2017 10:26,1,1
7/7/2017 10:26,5,4
7/7/2017 10:26,1,1
7/7/2017 10:26,34,77
7/7/2017 10:26,1,1
7/7/2017 10:26,4,3
7/7/2017 10:26,1,1
7/7/2017 10:26,4,3
7/7/2017 10:26,1,1
7/7/2017 10:26,4,3
7/7/2017 10:26,1,1
7/7/2017 10:27,4,3
7/7/2017 10:27,1,1
7/7/2017 10:27,4,3
7/7/2017 10:27,1,1
7/7/2017 10:27,4,3
7/7/2017 10:27,1,1
7/7/2017 10:27,4,3
7/7/2017 10:27,1,1
7/7/2017 10:27,4,3
7/7/2017 10:27,1,1
7/7/2017 10:27,4,3
7/7/2017 10:27,1,1
7/7/2017 10:27,4,3
7/7/2017 10:27,1,1
7/7/2017 10:27,4,3
7/7/2017 10:27,1,1
7/7/2017 10:27,4,3
7/7/2017 10:27,1,1
7/7/2017 10:27,4,3
7/7/2017 10:27,1,1
7/7/2017 10:27,4,3
7/7/2017 10:27,4,3
7/7/2017 10:27,1,1
7/7/2017 10:27,1,1
7/7/2017 10:27,4,3
7/7/2017 10:27,1,1
7/7/2017 10:27,4,3
7/7/2017 10:27,1,1
7/7/2017 10:27,4,3
7/7/2017 10:27,1,1
7/7/2017 10:27,4,3
7/7/2017 10:27,1,1
7/7/2017 10:27,4,3
7/7/2017 10:27,1,1
7/7/2017 10:27,4,3
7/7/2017 10:27,1,1
7/7/2017 10:27,4,3
7/7/2017 10:27,1,1
7/7/2017 10:28,4,3
7/7/2017 10:28,1,1
7/7/2017 10:28,4,3
7/7/2017 10:28,1,1
7/7/2017 10:28,4,3
7/7/2017 10:28,1,1
7/7/2017 10:28,4,3
7/7/2017 10:28,1,1
7/7/2017 10:28,4,3
7/7/2017 10:28,1,1
7/7/2017 10:28,4,3
7/7/2017 10:28,1,1
7/7/2017 10:28,4,3
7/7/2017 10:28,1,1
7/7/2017 10:28,4,3
7/7/2017 10:28,1,1
7/7/2017 10:28,4,3
7/7/2017 10:28,1,1
7/7/2017 10:28,4,3
7/7/2017 10:28,1,1
7/7/2017 10:28,4,3
7/7/2017 10:28,1,1
7/7/2017 10:28,4,3
7/7/2017 10:28,1,1
7/7/2017 10:28,4,3
7/7/2017 10:28,1,1
7/7/2017 10:28,4,3
7/7/2017 10:28,1,1
7/7/2017 10:28,4,3
7/7/2017 10:28,1,1
7/7/2017 10:29,4,3
7/7/2017 10:29,1,1
7/7/2017 10:29,4,3
7/7/2017 10:29,1,1
7/7/2017 10:29,5,4
7/7/2017 10:29,1,1
7/7/2017 10:29,15,17
7/7/2017 10:29,1,1
7/7/2017 10:29,5,4
7/7/2017 10:29,24,38
7/7/2017 10:29,1,1
7/7/2017 10:29,1,1
7/7/2017 10:29,4,3
7/7/2017 10:29,1,1
7/7/2017 10:29,4,3
7/7/2017 10:29,1,1
7/7/2017 10:29,4,3
7/7/2017 10:29,1,1
7/7/2017 10:29,4,3
7/7/2017 10:29,1,1
7/7/2017 10:29,4,3
7/7/2017 10:29,1,1
7/7/2017 10:29,4,3
7/7/2017 10:29,1,1
7/7/2017 10:29,4,3
7/7/2017 10:29,1,1
7/7/2017 10:30,4,3
7/7/2017 10:30,1,1
7/7/2017 10:30,4,3
7/7/2017 10:30,1,1
7/7/2017 10:30,4,3
7/7/2017 10:30,1,1
7/7/2017 10:30,4,3
7/7/2017 10:30,1,1
7/7/2017 10:30,5,4
7/7/2017 10:30,28,54
7/7/2017 10:30,4,3
7/7/2017 10:30,1,1
7/7/2017 10:30,1,1
7/7/2017 10:30,1,1
7/7/2017 10:30,4,3
7/7/2017 10:30,1,1
7/7/2017 10:30,4,3
7/7/2017 10:30,1,1
7/7/2017 10:30,5,4
7/7/2017 10:30,32,70
7/7/2017 10:30,1,1
7/7/2017 10:30,1,1
7/7/2017 10:30,4,3
7/7/2017 10:30,4,3
7/7/2017 10:30,1,1
7/7/2017 10:30,1,1
7/7/2017 10:30,4,3
7/7/2017 10:30,1,1
7/7/2017 10:30,4,3
7/7/2017 10:30,1,1
7/7/2017 10:30,4,3
7/7/2017 10:30,4,3
7/7/2017 10:30,1,1
7/7/2017 10:30,1,1
7/7/2017 10:30,4,3
7/7/2017 10:30,1,1
7/7/2017 10:30,4,3
7/7/2017 10:30,1,1
7/7/2017 10:30,4,3
7/7/2017 10:30,4,3
7/7/2017 10:30,1,1
7/7/2017 10:30,1,1
7/7/2017 10:30,4,3
7/7/2017 10:30,1,1
7/7/2017 10:30,4,3
7/7/2017 10:30,1,1
7/7/2017 10:31,4,3
7/7/2017 10:31,4,3
7/7/2017 10:31,1,1
7/7/2017 10:31,1,1
7/7/2017 10:31,4,3
7/7/2017 10:31,1,1
7/7/2017 10:31,4,3
7/7/2017 10:31,1,1
7/7/2017 10:31,4,3
7/7/2017 10:31,4,3
7/7/2017 10:31,1,1
7/7/2017 10:31,1,1
7/7/2017 10:31,4,3
7/7/2017 10:31,1,1
7/7/2017 10:31,4,3
7/7/2017 10:31,1,1
7/7/2017 10:31,4,3
7/7/2017 10:31,4,3
7/7/2017 10:31,1,1
7/7/2017 10:31,1,1
7/7/2017 10:31,4,3
7/7/2017 10:31,1,1
7/7/2017 10:31,4,3
7/7/2017 10:31,1,1
7/7/2017 10:31,4,3
7/7/2017 10:31,1,1
7/7/2017 10:31,4,3
7/7/2017 10:31,1,1
7/7/2017 10:31,4,3
7/7/2017 10:31,1,1
7/7/2017 10:31,4,3
7/7/2017 10:31,1,1
7/7/2017 10:32,5,4
7/7/2017 10:32,1,1
7/7/2017 10:32,4,3
7/7/2017 10:32,1,1
7/7/2017 10:32,5,4
7/7/2017 10:32,4,3
7/7/2017 10:32,1,1
7/7/2017 10:32,1,1
7/7/2017 10:32,5,4
7/7/2017 10:32,4,3
7/7/2017 10:32,1,1
7/7/2017 10:32,1,1
7/7/2017 10:32,4,3
7/7/2017 10:32,1,1
7/7/2017 10:32,4,3
7/7/2017 10:32,1,1
7/7/2017 10:32,4,3
7/7/2017 10:32,1,1
7/7/2017 10:32,4,3
7/7/2017 10:32,1,1
7/7/2017 10:32,4,3
7/7/2017 10:32,4,3
7/7/2017 10:32,1,1
7/7/2017 10:32,1,1
7/7/2017 10:32,4,3
7/7/2017 10:32,1,1
7/7/2017 10:32,4,3
7/7/2017 10:32,4,3
7/7/2017 10:32,1,1
7/7/2017 10:32,1,1
7/7/2017 10:32,4,3
7/7/2017 10:32,1,1
7/7/2017 10:32,4,3
7/7/2017 10:32,4,3
7/7/2017 10:32,1,1
7/7/2017 10:32,1,1
7/7/2017 10:32,4,3
7/7/2017 10:32,1,1
7/7/2017 10:32,4,3
7/7/2017 10:32,4,3
7/7/2017 10:32,1,1
7/7/2017 10:32,1,1
7/7/2017 10:32,4,3
7/7/2017 10:32,1,1
7/7/2017 10:33,4,3
7/7/2017 10:33,1,1
7/7/2017 10:33,5,4
7/7/2017 10:33,4,3
7/7/2017 10:33,1,1
7/7/2017 10:33,1,1
7/7/2017 10:33,4,3
7/7/2017 10:33,4,3
7/7/2017 10:33,1,1
7/7/2017 10:33,1,1
7/7/2017 10:33,4,3
7/7/2017 10:33,1,1
7/7/2017 10:33,4,3
7/7/2017 10:33,1,1
7/7/2017 10:33,4,3
7/7/2017 10:33,1,1
7/7/2017 10:33,4,3
7/7/2017 10:33,1,1
7/7/2017 10:33,4,3
7/7/2017 10:33,1,1
7/7/2017 10:33,4,3
7/7/2017 10:33,1,1
7/7/2017 10:33,4,3
7/7/2017 10:33,1,1
7/7/2017 10:33,4,3
7/7/2017 10:33,1,1
7/7/2017 10:33,4,3
7/7/2017 10:33,1,1
7/7/2017 10:33,4,3
7/7/2017 10:33,4,3
7/7/2017 10:33,1,1
7/7/2017 10:33,1,1
7/7/2017 10:33,4,3
7/7/2017 10:33,1,1
7/7/2017 10:33,4,3
7/7/2017 10:33,1,1
7/7/2017 10:33,4,3
7/7/2017 10:33,4,3
7/7/2017 10:33,1,1
7/7/2017 10:33,1,1
7/7/2017 10:33,4,3
7/7/2017 10:33,1,1
7/7/2017 10:33,4,3
7/7/2017 10:33,1,1
7/7/2017 10:33,4,3
7/7/2017 10:33,4,3
7/7/2017 10:33,1,1
7/7/2017 10:33,1,1
7/7/2017 10:33,4,3
7/7/2017 10:33,1,1
7/7/2017 10:34,4,3
7/7/2017 10:34,1,1
7/7/2017 10:34,4,3
7/7/2017 10:34,4,3
7/7/2017 10:34,1,1
7/7/2017 10:34,1,1
7/7/2017 10:34,4,3
7/7/2017 10:34,1,1
7/7/2017 10:34,5,4
7/7/2017 10:34,28,51
7/7/2017 10:34,1,1
7/7/2017 10:34,1,1
7/7/2017 10:34,4,3
7/7/2017 10:34,1,1
7/7/2017 10:34,4,3
7/7/2017 10:34,1,1
7/7/2017 10:34,5,4
7/7/2017 10:34,1,1
7/7/2017 10:34,37,79
7/7/2017 10:34,1,1
7/7/2017 10:34,4,3
7/7/2017 10:34,1,1
7/7/2017 10:34,4,3
7/7/2017 10:34,1,1
7/7/2017 10:34,4,3
7/7/2017 10:34,1,1
7/7/2017 10:34,4,3
7/7/2017 10:34,1,1
7/7/2017 10:35,4,3
7/7/2017 10:35,1,1
7/7/2017 10:35,4,3
7/7/2017 10:35,1,1
7/7/2017 10:35,4,3
7/7/2017 10:35,1,1
7/7/2017 10:35,4,3
7/7/2017 10:35,1,1
7/7/2017 10:35,4,3
7/7/2017 10:35,1,1
7/7/2017 10:35,4,3
7/7/2017 10:35,1,1
7/7/2017 10:35,4,3
7/7/2017 10:35,1,1
7/7/2017 10:35,4,3
7/7/2017 10:35,1,1
7/7/2017 10:35,5,4
7/7/2017 10:35,27,37
7/7/2017 10:35,1,1
7/7/2017 10:35,1,1
7/7/2017 10:35,5,4
7/7/2017 10:35,26,50
7/7/2017 10:35,1,1
7/7/2017 10:35,4,3
7/7/2017 10:35,4,3
7/7/2017 10:35,1,1
7/7/2017 10:35,1,1
7/7/2017 10:35,1,1
7/7/2017 10:35,4,3
7/7/2017 10:35,1,1
7/7/2017 10:35,4,3
7/7/2017 10:35,1,1
7/7/2017 10:35,4,3
7/7/2017 10:35,4,3
7/7/2017 10:35,1,1
7/7/2017 10:35,1,1
7/7/2017 10:35,4,3
7/7/2017 10:35,1,1
7/7/2017 10:36,4,3
7/7/2017 10:36,1,1
7/7/2017 10:36,4,3
7/7/2017 10:36,4,3
7/7/2017 10:36,1,1
7/7/2017 10:36,1,1
7/7/2017 10:36,4,3
7/7/2017 10:36,1,1
7/7/2017 10:36,4,3
7/7/2017 10:36,1,1
7/7/2017 10:36,4,3
7/7/2017 10:36,1,1
7/7/2017 10:36,4,3
7/7/2017 10:36,4,3
7/7/2017 10:36,1,1
7/7/2017 10:36,1,1
7/7/2017 10:36,4,3
7/7/2017 10:36,1,1
7/7/2017 10:36,4,3
7/7/2017 10:36,1,1
7/7/2017 10:36,4,3
7/7/2017 10:36,1,1
7/7/2017 10:36,4,3
7/7/2017 10:36,1,1
7/7/2017 10:36,4,3
7/7/2017 10:36,1,1
7/7/2017 10:36,4,3
7/7/2017 10:36,1,1
7/7/2017 10:36,4,3
7/7/2017 10:36,1,1
7/7/2017 10:36,4,3
7/7/2017 10:36,1,1
7/7/2017 10:36,4,3
7/7/2017 10:36,1,1
7/7/2017 10:36,4,3
7/7/2017 10:36,1,1
7/7/2017 10:36,4,3
7/7/2017 10:36,1,1
7/7/2017 10:36,4,3
7/7/2017 10:36,1,1
7/7/2017 10:36,5,4
7/7/2017 10:36,4,3
7/7/2017 10:36,1,1
7/7/2017 10:36,1,1
7/7/2017 10:36,5,4
7/7/2017 10:36,4,3
7/7/2017 10:36,1,1
7/7/2017 10:36,1,1
7/7/2017 10:36,4,3
7/7/2017 10:36,1,1
7/7/2017 10:36,5,4
7/7/2017 10:36,1,1
7/7/2017 10:36,4,3
7/7/2017 10:36,1,1
7/7/2017 10:36,4,3
7/7/2017 10:36,1,1
7/7/2017 10:36,4,3
7/7/2017 10:36,1,1
7/7/2017 10:37,4,3
7/7/2017 10:37,1,1
7/7/2017 10:37,4,3
7/7/2017 10:37,1,1
7/7/2017 10:37,4,3
7/7/2017 10:37,1,1
7/7/2017 10:37,4,3
7/7/2017 10:37,1,1
7/7/2017 10:37,5,4
7/7/2017 10:37,33,51
7/7/2017 10:37,1,1
7/7/2017 10:37,1,1
7/7/2017 10:37,5,4
7/7/2017 10:37,22,30
7/7/2017 10:37,1,1
7/7/2017 10:37,1,1
7/7/2017 10:37,5,4
7/7/2017 10:37,27,51
7/7/2017 10:37,1,1
7/7/2017 10:37,1,1
7/7/2017 10:37,4,3
7/7/2017 10:37,1,1
7/7/2017 10:37,4,3
7/7/2017 10:37,1,1
7/7/2017 10:37,4,3
7/7/2017 10:37,5,4
7/7/2017 10:37,4,3
7/7/2017 10:37,1,1
7/7/2017 10:37,1,1
7/7/2017 10:37,1,1
7/7/2017 10:37,4,3
7/7/2017 10:37,1,1
7/7/2017 10:37,4,3
7/7/2017 10:37,1,1
7/7/2017 10:37,4,3
7/7/2017 10:37,1,1
7/7/2017 10:37,4,3
7/7/2017 10:37,5,4
7/7/2017 10:37,1,1
7/7/2017 10:37,35,80
7/7/2017 10:37,4,3
7/7/2017 10:37,1,1
7/7/2017 10:37,1,1
7/7/2017 10:37,1,1
7/7/2017 10:37,4,3
7/7/2017 10:37,1,1
7/7/2017 10:37,4,3
7/7/2017 10:37,1,1
7/7/2017 10:37,4,3
7/7/2017 10:37,1,1
7/7/2017 10:37,4,3
7/7/2017 10:37,4,3
7/7/2017 10:37,1,1
7/7/2017 10:37,1,1
7/7/2017 10:37,4,3
7/7/2017 10:37,1,1
7/7/2017 10:37,4,3
7/7/2017 10:37,1,1
7/7/2017 10:37,4,3
7/7/2017 10:37,5,4
7/7/2017 10:37,4,3
7/7/2017 10:37,1,1
7/7/2017 10:37,1,1
7/7/2017 10:37,4,3
7/7/2017 10:37,1,1
7/7/2017 10:37,4,3
7/7/2017 10:37,1,1
7/7/2017 10:37,1,1
7/7/2017 10:37,4,3
7/7/2017 10:37,1,1
7/7/2017 10:38,4,3
7/7/2017 10:38,1,1
7/7/2017 10:38,4,3
7/7/2017 10:38,1,1
7/7/2017 10:38,5,4
7/7/2017 10:38,26,44
7/7/2017 10:38,4,3
7/7/2017 10:38,1,1
7/7/2017 10:38,4,3
7/7/2017 10:38,1,1
7/7/2017 10:38,1,1
7/7/2017 10:38,1,1
7/7/2017 10:38,4,3
7/7/2017 10:38,1,1
7/7/2017 10:38,4,3
7/7/2017 10:38,1,1
7/7/2017 10:38,4,3
7/7/2017 10:38,1,1
7/7/2017 10:38,4,3
7/7/2017 10:38,1,1
7/7/2017 10:38,4,3
7/7/2017 10:38,4,3
7/7/2017 10:38,4,3
7/7/2017 10:38,1,1
7/7/2017 10:38,1,1
7/7/2017 10:38,1,1
7/7/2017 10:38,4,3
7/7/2017 10:38,1,1
7/7/2017 10:38,4,3
7/7/2017 10:38,1,1
7/7/2017 10:38,4,3
7/7/2017 10:38,1,1
7/7/2017 10:38,4,3
7/7/2017 10:38,4,3
7/7/2017 10:38,4,3
7/7/2017 10:38,1,1
7/7/2017 10:38,1,1
7/7/2017 10:38,1,1
7/7/2017 10:38,4,3
7/7/2017 10:38,1,1
7/7/2017 10:38,4,3
7/7/2017 10:38,1,1
7/7/2017 10:38,4,3
7/7/2017 10:38,1,1
7/7/2017 10:38,4,3
7/7/2017 10:38,4,3
7/7/2017 10:38,1,1
7/7/2017 10:38,1,1
7/7/2017 10:38,4,3
7/7/2017 10:38,1,1
7/7/2017 10:38,4,3
7/7/2017 10:38,1,1
7/7/2017 10:38,4,3
7/7/2017 10:38,1,1
7/7/2017 10:38,4,3
7/7/2017 10:38,1,1
7/7/2017 10:38,4,3
7/7/2017 10:38,4,3
7/7/2017 10:38,1,1
7/7/2017 10:38,1,1
7/7/2017 10:38,4,3
7/7/2017 10:38,1,1
7/7/2017 10:38,4,3
7/7/2017 10:38,1,1
7/7/2017 10:38,4,3
7/7/2017 10:38,1,1
7/7/2017 10:38,4,3
7/7/2017 10:38,4,3
7/7/2017 10:38,4,3
7/7/2017 10:38,1,1
7/7/2017 10:38,1,1
7/7/2017 10:38,4,3
7/7/2017 10:38,1,1
7/7/2017 10:38,1,1
7/7/2017 10:39,4,3
7/7/2017 10:39,1,1
7/7/2017 10:39,4,3
7/7/2017 10:39,4,3
7/7/2017 10:39,1,1
7/7/2017 10:39,4,3
7/7/2017 10:39,4,3
7/7/2017 10:39,1,1
7/7/2017 10:39,1,1
7/7/2017 10:39,1,1
7/7/2017 10:39,4,3
7/7/2017 10:39,1,1
7/7/2017 10:39,4,3
7/7/2017 10:39,1,1
7/7/2017 10:39,4,3
7/7/2017 10:39,4,3
7/7/2017 10:39,4,3
7/7/2017 10:39,1,1
7/7/2017 10:39,1,1
7/7/2017 10:39,1,1
7/7/2017 10:39,4,3
7/7/2017 10:39,4,3
7/7/2017 10:39,1,1
7/7/2017 10:39,1,1
7/7/2017 10:39,4,3
7/7/2017 10:39,4,3
7/7/2017 10:39,1,1
7/7/2017 10:39,1,1
7/7/2017 10:39,4,3
7/7/2017 10:39,1,1
7/7/2017 10:39,4,3
7/7/2017 10:39,4,3
7/7/2017 10:39,1,1
7/7/2017 10:39,1,1
7/7/2017 10:40,4,3
7/7/2017 10:40,1,1
7/7/2017 10:40,4,3
7/7/2017 10:40,1,1
7/7/2017 10:40,4,3
7/7/2017 10:40,1,1
7/7/2017 10:40,4,3
7/7/2017 10:40,1,1
7/7/2017 10:40,4,3
7/7/2017 10:40,1,1
7/7/2017 10:41,4,3
7/7/2017 10:41,1,1
7/7/2017 10:41,4,3
7/7/2017 10:41,1,1
7/7/2017 10:41,4,3
7/7/2017 10:41,1,1
7/7/2017 10:42,5,4
7/7/2017 10:42,19,31
7/7/2017 10:42,1,1
7/7/2017 10:42,1,1
7/7/2017 10:42,4,3
7/7/2017 10:42,1,1
7/7/2017 10:42,4,3
7/7/2017 10:42,1,1
7/7/2017 10:42,4,3
7/7/2017 10:42,1,1
7/7/2017 10:42,5,4
7/7/2017 10:42,36,85
7/7/2017 10:42,1,1
7/7/2017 10:42,1,1
7/7/2017 10:42,5,4
7/7/2017 10:42,27,51
7/7/2017 10:42,1,1
7/7/2017 10:42,1,1
7/7/2017 10:42,4,3
7/7/2017 10:42,1,1
7/7/2017 10:42,4,3
7/7/2017 10:42,1,1
7/7/2017 10:42,4,3
7/7/2017 10:42,1,1
7/7/2017 10:42,4,3
7/7/2017 10:42,1,1
7/7/2017 10:42,5,4
7/7/2017 10:42,5,4
7/7/2017 10:42,1,1
7/7/2017 10:42,29,55
7/7/2017 10:42,5,4
7/7/2017 10:42,1,1
7/7/2017 10:42,1,1
7/7/2017 10:42,4,3
7/7/2017 10:42,1,1
7/7/2017 10:42,1,1
7/7/2017 10:42,5,4
7/7/2017 10:43,1,1
7/7/2017 10:43,5,4
7/7/2017 10:43,1,1
7/7/2017 10:43,4,3
7/7/2017 10:43,5,4
7/7/2017 10:43,1,1
7/7/2017 10:43,1,1
7/7/2017 10:43,4,3
7/7/2017 10:43,1,1
7/7/2017 10:43,4,3
7/7/2017 10:43,1,1
7/7/2017 10:43,4,3
7/7/2017 10:43,6,5
7/7/2017 10:43,4,3
7/7/2017 10:43,1,1
7/7/2017 10:43,1,1
7/7/2017 10:43,1,1
7/7/2017 10:43,5,4
7/7/2017 10:43,4,3
7/7/2017 10:43,1,1
7/7/2017 10:43,1,1
7/7/2017 10:43,5,4
7/7/2017 10:43,28,54
7/7/2017 10:43,1,1
7/7/2017 10:43,5,4
7/7/2017 10:43,4,3
7/7/2017 10:43,5,4
7/7/2017 10:43,5,4
7/7/2017 10:43,1,1
7/7/2017 10:43,1,1
7/7/2017 10:43,1,1
7/7/2017 10:43,1,1
7/7/2017 10:43,4,3
7/7/2017 10:43,4,3
7/7/2017 10:43,1,1
7/7/2017 10:43,1,1
7/7/2017 10:43,1,1
7/7/2017 10:43,4,3
7/7/2017 10:43,1,1
7/7/2017 10:43,5,4
7/7/2017 10:43,4,3
7/7/2017 10:43,1,1
7/7/2017 10:43,1,1
7/7/2017 10:43,4,3
7/7/2017 10:43,4,3
7/7/2017 10:43,1,1
7/7/2017 10:43,1,1
7/7/2017 10:43,4,3
7/7/2017 10:43,1,1
7/7/2017 10:43,4,3
7/7/2017 10:43,1,1
7/7/2017 10:43,4,3
7/7/2017 10:43,4,3
7/7/2017 10:43,4,3
7/7/2017 10:43,1,1
7/7/2017 10:43,1,1
7/7/2017 10:43,1,1
7/7/2017 10:43,4,3
7/7/2017 10:43,1,1
7/7/2017 10:43,4,3
7/7/2017 10:43,1,1
7/7/2017 10:43,4,3
7/7/2017 10:43,5,4
7/7/2017 10:43,4,3
7/7/2017 10:43,4,3
7/7/2017 10:43,1,1
7/7/2017 10:43,1,1
7/7/2017 10:43,1,1
7/7/2017 10:43,1,1
7/7/2017 10:44,4,3
7/7/2017 10:44,1,1
7/7/2017 10:44,4,3
7/7/2017 10:44,4,3
7/7/2017 10:44,1,1
7/7/2017 10:44,1,1
7/7/2017 10:44,4,3
7/7/2017 10:44,4,3
7/7/2017 10:44,1,1
7/7/2017 10:44,1,1
7/7/2017 10:44,4,3
7/7/2017 10:44,1,1
7/7/2017 10:44,4,3
7/7/2017 10:44,1,1
7/7/2017 10:44,4,3
7/7/2017 10:44,4,3
7/7/2017 10:44,1,1
7/7/2017 10:44,1,1
7/7/2017 10:44,4,3
7/7/2017 10:44,4,3
7/7/2017 10:44,1,1
7/7/2017 10:44,1,1
7/7/2017 10:44,4,3
7/7/2017 10:44,1,1
7/7/2017 10:44,5,4
7/7/2017 10:44,26,48
7/7/2017 10:44,5,4
7/7/2017 10:44,1,1
7/7/2017 10:44,1,1
7/7/2017 10:44,39,84
7/7/2017 10:44,5,4
7/7/2017 10:44,5,4
7/7/2017 10:44,28,54
7/7/2017 10:44,35,81
7/7/2017 10:44,1,1
7/7/2017 10:44,1,1
7/7/2017 10:44,1,1
7/7/2017 10:44,1,1
7/7/2017 10:44,1,1
7/7/2017 10:44,1,1
7/7/2017 10:44,5,4
7/7/2017 10:44,1,1
7/7/2017 10:44,21,28
7/7/2017 10:44,1,1
7/7/2017 10:44,4,3
7/7/2017 10:44,1,1
7/7/2017 10:44,4,3
7/7/2017 10:44,4,3
7/7/2017 10:44,4,3
7/7/2017 10:44,1,1
7/7/2017 10:44,1,1
7/7/2017 10:44,1,1
7/7/2017 10:44,4,3
7/7/2017 10:44,1,1
7/7/2017 10:44,4,3
7/7/2017 10:44,1,1
7/7/2017 10:44,4,3
7/7/2017 10:44,4,3
7/7/2017 10:44,4,3
7/7/2017 10:44,1,1
7/7/2017 10:44,1,1
7/7/2017 10:44,4,3
7/7/2017 10:44,1,1
7/7/2017 10:44,1,1
7/7/2017 10:44,5,4
7/7/2017 10:44,4,3
7/7/2017 10:44,1,1
7/7/2017 10:44,1,1
7/7/2017 10:44,5,4
7/7/2017 10:44,4,3
7/7/2017 10:44,1,1
7/7/2017 10:44,1,1
7/7/2017 10:44,5,4
7/7/2017 10:44,4,3
7/7/2017 10:44,5,4
7/7/2017 10:44,1,1
7/7/2017 10:44,1,1
7/7/2017 10:45,4,3
7/7/2017 10:45,4,3
7/7/2017 10:45,5,4
7/7/2017 10:45,1,1
7/7/2017 10:45,1,1
7/7/2017 10:45,1,1
7/7/2017 10:45,4,3
7/7/2017 10:45,1,1
7/7/2017 10:45,1,1
7/7/2017 10:45,4,3
7/7/2017 10:45,1,1
7/7/2017 10:45,4,3
7/7/2017 10:45,4,3
7/7/2017 10:45,1,1
7/7/2017 10:45,1,1
7/7/2017 10:45,4,3
7/7/2017 10:45,1,1
7/7/2017 10:45,4,3
7/7/2017 10:45,1,1
7/7/2017 10:45,4,3
7/7/2017 10:45,1,1
7/7/2017 10:45,4,3
7/7/2017 10:45,1,1
7/7/2017 10:45,4,3
7/7/2017 10:45,4,3
7/7/2017 10:45,1,1
7/7/2017 10:45,1,1
7/7/2017 10:45,4,3
7/7/2017 10:45,4,3
7/7/2017 10:45,1,1
7/7/2017 10:45,1,1
7/7/2017 10:45,4,3
7/7/2017 10:45,1,1
7/7/2017 10:45,4,3
7/7/2017 10:45,1,1
7/7/2017 10:45,4,3
7/7/2017 10:45,4,3
7/7/2017 10:45,1,1
7/7/2017 10:45,4,3
7/7/2017 10:45,4,3
7/7/2017 10:45,1,1
7/7/2017 10:45,1,1
7/7/2017 10:45,1,1
7/7/2017 10:45,4,3
7/7/2017 10:45,1,1
7/7/2017 10:45,4,3
7/7/2017 10:45,1,1
7/7/2017 10:45,4,3
7/7/2017 10:45,1,1
7/7/2017 10:45,4,3
7/7/2017 10:45,4,3
7/7/2017 10:45,4,3
7/7/2017 10:45,1,1
7/7/2017 10:45,1,1
7/7/2017 10:45,1,1
7/7/2017 10:45,4,3
7/7/2017 10:45,1,1
7/7/2017 10:45,4,3
7/7/2017 10:45,1,1
7/7/2017 10:45,4,3
7/7/2017 10:45,1,1
7/7/2017 10:45,4,3
7/7/2017 10:45,4,3
7/7/2017 10:45,4,3
7/7/2017 10:45,1,1
7/7/2017 10:45,1,1
7/7/2017 10:45,1,1
7/7/2017 10:45,4,3
7/7/2017 10:45,1,1
7/7/2017 10:45,4,3
7/7/2017 10:45,1,1
7/7/2017 10:45,4,3
7/7/2017 10:45,1,1
7/7/2017 10:45,4,3
7/7/2017 10:45,1,1
7/7/2017 10:46,4,3
7/7/2017 10:46,4,3
7/7/2017 10:46,4,3
7/7/2017 10:46,1,1
7/7/2017 10:46,1,1
7/7/2017 10:46,1,1
7/7/2017 10:46,4,3
7/7/2017 10:46,1,1
7/7/2017 10:46,4,3
7/7/2017 10:46,1,1
7/7/2017 10:46,4,3
7/7/2017 10:46,1,1
7/7/2017 10:46,4,3
7/7/2017 10:46,4,3
7/7/2017 10:46,4,3
7/7/2017 10:46,1,1
7/7/2017 10:46,1,1
7/7/2017 10:46,1,1
7/7/2017 10:46,4,3
7/7/2017 10:46,1,1
7/7/2017 10:46,4,3
7/7/2017 10:46,1,1
7/7/2017 10:46,4,3
7/7/2017 10:46,1,1
7/7/2017 10:46,4,3
7/7/2017 10:46,4,3
7/7/2017 10:46,4,3
7/7/2017 10:46,1,1
7/7/2017 10:46,1,1
7/7/2017 10:46,1,1
7/7/2017 10:46,4,3
7/7/2017 10:46,1,1
7/7/2017 10:46,4,3
7/7/2017 10:46,1,1
7/7/2017 10:46,4,3
7/7/2017 10:46,1,1
7/7/2017 10:46,4,3
7/7/2017 10:46,4,3
7/7/2017 10:46,4,3
7/7/2017 10:46,1,1
7/7/2017 10:46,1,1
7/7/2017 10:46,1,1
7/7/2017 10:46,4,3
7/7/2017 10:46,1,1
7/7/2017 10:46,4,3
7/7/2017 10:46,1,1
7/7/2017 10:46,4,3
7/7/2017 10:46,1,1
7/7/2017 10:46,4,3
7/7/2017 10:46,4,3
7/7/2017 10:46,1,1
7/7/2017 10:46,4,3
7/7/2017 10:46,1,1
7/7/2017 10:46,1,1
7/7/2017 10:46,4,3
7/7/2017 10:46,1,1
7/7/2017 10:46,4,3
7/7/2017 10:46,1,1
7/7/2017 10:46,4,3
7/7/2017 10:46,1,1
7/7/2017 10:46,4,3
7/7/2017 10:46,4,3
7/7/2017 10:46,1,1
7/7/2017 10:46,1,1
7/7/2017 10:46,4,3
7/7/2017 10:46,1,1
7/7/2017 10:46,4,3
7/7/2017 10:46,1,1
7/7/2017 10:47,4,3
7/7/2017 10:47,1,1
7/7/2017 10:47,4,3
7/7/2017 10:47,1,1
7/7/2017 10:47,4,3
7/7/2017 10:47,1,1
7/7/2017 10:47,5,4
7/7/2017 10:47,21,28
7/7/2017 10:47,1,1
7/7/2017 10:47,1,1
7/7/2017 10:47,4,3
7/7/2017 10:47,1,1
7/7/2017 10:47,4,3
7/7/2017 10:47,1,1
7/7/2017 10:48,4,3
7/7/2017 10:48,1,1
7/7/2017 10:48,5,4
7/7/2017 10:48,26,46
7/7/2017 10:48,1,1
7/7/2017 10:48,1,1
7/7/2017 10:48,4,3
7/7/2017 10:48,1,1
7/7/2017 10:48,4,3
7/7/2017 10:48,1,1
7/7/2017 10:48,4,3
7/7/2017 10:48,1,1
7/7/2017 10:48,5,4
7/7/2017 10:48,24,45
7/7/2017 10:48,1,1
7/7/2017 10:48,1,1
7/7/2017 10:48,5,4
7/7/2017 10:48,24,28
7/7/2017 10:48,1,1
7/7/2017 10:48,1,1
7/7/2017 10:48,4,3
7/7/2017 10:48,1,1
7/7/2017 10:48,5,4
7/7/2017 10:48,26,34
7/7/2017 10:48,5,4
7/7/2017 10:48,1,1
7/7/2017 10:48,1,1
7/7/2017 10:48,1,1
7/7/2017 10:48,39,81
7/7/2017 10:48,5,4
7/7/2017 10:48,33,68
7/7/2017 10:48,4,3
7/7/2017 10:48,1,1
7/7/2017 10:48,1,1
7/7/2017 10:48,1,1
7/7/2017 10:48,1,1
7/7/2017 10:48,4,3
7/7/2017 10:48,1,1
7/7/2017 10:48,4,3
7/7/2017 10:48,1,1
7/7/2017 10:48,5,4
7/7/2017 10:48,23,33
7/7/2017 10:48,1,1
7/7/2017 10:48,1,1
7/7/2017 10:48,5,4
7/7/2017 10:48,26,39
7/7/2017 10:48,5,4
7/7/2017 10:48,4,3
7/7/2017 10:48,29,64
7/7/2017 10:48,1,1
7/7/2017 10:48,1,1
7/7/2017 10:48,1,1
7/7/2017 10:48,1,1
7/7/2017 10:48,1,1
7/7/2017 10:48,4,3
7/7/2017 10:48,1,1
7/7/2017 10:49,4,3
7/7/2017 10:49,1,1
7/7/2017 10:49,4,3
7/7/2017 10:49,4,3
7/7/2017 10:49,1,1
7/7/2017 10:49,4,3
7/7/2017 10:49,1,1
7/7/2017 10:49,1,1
7/7/2017 10:49,4,3
7/7/2017 10:49,1,1
7/7/2017 10:49,4,3
7/7/2017 10:49,1,1
7/7/2017 10:49,4,3
7/7/2017 10:49,1,1
7/7/2017 10:49,4,3
7/7/2017 10:49,1,1
7/7/2017 10:49,4,3
7/7/2017 10:49,1,1
7/7/2017 10:49,4,3
7/7/2017 10:49,1,1
7/7/2017 10:49,4,3
7/7/2017 10:49,1,1
7/7/2017 10:49,4,3
7/7/2017 10:49,1,1
7/7/2017 10:49,4,3
7/7/2017 10:49,4,3
7/7/2017 10:49,1,1
7/7/2017 10:49,1,1
7/7/2017 10:49,4,3
7/7/2017 10:49,1,1
7/7/2017 10:49,4,3
7/7/2017 10:49,4,3
7/7/2017 10:49,1,1
7/7/2017 10:49,1,1
7/7/2017 10:49,4,3
7/7/2017 10:49,5,4
7/7/2017 10:49,28,49
7/7/2017 10:49,1,1
7/7/2017 10:49,1,1
7/7/2017 10:49,1,1
7/7/2017 10:49,5,4
7/7/2017 10:49,21,23
7/7/2017 10:49,1,1
7/7/2017 10:49,1,1
7/7/2017 10:49,5,4
7/7/2017 10:49,22,37
7/7/2017 10:49,5,4
7/7/2017 10:49,1,1
7/7/2017 10:49,1,1
7/7/2017 10:49,28,40
7/7/2017 10:49,5,4
7/7/2017 10:49,31,60
7/7/2017 10:49,4,3
7/7/2017 10:49,1,1
7/7/2017 10:49,1,1
7/7/2017 10:49,1,1
7/7/2017 10:49,1,1
7/7/2017 10:49,1,1
7/7/2017 10:49,4,3
7/7/2017 10:49,1,1
7/7/2017 10:49,4,3
7/7/2017 10:49,1,1
7/7/2017 10:49,4,3
7/7/2017 10:49,4,3
7/7/2017 10:49,4,3
7/7/2017 10:49,1,1
7/7/2017 10:49,1,1
7/7/2017 10:49,1,1
7/7/2017 10:49,4,3
7/7/2017 10:49,1,1
7/7/2017 10:50,4,3
7/7/2017 10:50,1,1
7/7/2017 10:50,4,3
7/7/2017 10:50,4,3
7/7/2017 10:50,1,1
7/7/2017 10:50,1,1
7/7/2017 10:50,4,3
7/7/2017 10:50,1,1
7/7/2017 10:50,4,3
7/7/2017 10:50,1,1
7/7/2017 10:50,4,3
7/7/2017 10:50,1,1
7/7/2017 10:50,4,3
7/7/2017 10:50,4,3
7/7/2017 10:50,1,1
7/7/2017 10:50,1,1
7/7/2017 10:50,4,3
7/7/2017 10:50,1,1
7/7/2017 10:50,4,3
7/7/2017 10:50,1,1
7/7/2017 10:50,4,3
7/7/2017 10:50,1,1
7/7/2017 10:50,4,3
7/7/2017 10:50,1,1
7/7/2017 10:50,4,3
7/7/2017 10:50,4,3
7/7/2017 10:50,4,3
7/7/2017 10:50,1,1
7/7/2017 10:50,1,1
7/7/2017 10:50,1,1
7/7/2017 10:50,4,3
7/7/2017 10:50,1,1
7/7/2017 10:50,4,3
7/7/2017 10:50,1,1
7/7/2017 10:50,4,3
7/7/2017 10:50,1,1
7/7/2017 10:50,4,3
7/7/2017 10:50,4,3
7/7/2017 10:50,1,1
7/7/2017 10:50,1,1
7/7/2017 10:50,4,3
7/7/2017 10:50,1,1
7/7/2017 10:50,4,3
7/7/2017 10:50,1,1
7/7/2017 10:50,4,3
7/7/2017 10:50,4,3
7/7/2017 10:50,4,3
7/7/2017 10:50,1,1
7/7/2017 10:50,1,1
7/7/2017 10:50,4,3
7/7/2017 10:50,1,1
7/7/2017 10:50,1,1
7/7/2017 10:50,4,3
7/7/2017 10:50,1,1
7/7/2017 10:50,4,3
7/7/2017 10:50,4,3
7/7/2017 10:50,4,3
7/7/2017 10:50,1,1
7/7/2017 10:50,1,1
7/7/2017 10:50,4,3
7/7/2017 10:50,1,1
7/7/2017 10:50,1,1
7/7/2017 10:50,4,3
7/7/2017 10:50,1,1
7/7/2017 10:51,4,3
7/7/2017 10:51,4,3
7/7/2017 10:51,1,1
7/7/2017 10:51,1,1
7/7/2017 10:51,4,3
7/7/2017 10:51,4,3
7/7/2017 10:51,1,1
7/7/2017 10:51,1,1
7/7/2017 10:51,4,3
7/7/2017 10:51,1,1
7/7/2017 10:51,4,3
7/7/2017 10:51,4,3
7/7/2017 10:51,1,1
7/7/2017 10:51,1,1
7/7/2017 10:51,4,3
7/7/2017 10:51,4,3
7/7/2017 10:51,1,1
7/7/2017 10:51,1,1
7/7/2017 10:51,4,3
7/7/2017 10:51,1,1
7/7/2017 10:51,4,3
7/7/2017 10:51,4,3
7/7/2017 10:51,1,1
7/7/2017 10:51,1,1
7/7/2017 10:51,4,3
7/7/2017 10:51,4,3
7/7/2017 10:51,1,1
7/7/2017 10:51,1,1
7/7/2017 10:51,4,3
7/7/2017 10:51,1,1
7/7/2017 10:51,4,3
7/7/2017 10:51,4,3
7/7/2017 10:51,1,1
7/7/2017 10:51,4,3
7/7/2017 10:51,4,3
7/7/2017 10:51,1,1
7/7/2017 10:51,1,1
7/7/2017 10:51,1,1
7/7/2017 10:51,4,3
7/7/2017 10:51,1,1
7/7/2017 10:51,4,3
7/7/2017 10:51,1,1
7/7/2017 10:51,4,3
7/7/2017 10:51,4,3
7/7/2017 10:51,1,1
7/7/2017 10:51,1,1
7/7/2017 10:51,4,3
7/7/2017 10:51,1,1
7/7/2017 10:52,4,3
7/7/2017 10:52,1,1
7/7/2017 10:53,4,3
7/7/2017 10:53,1,1
7/7/2017 10:53,4,3
7/7/2017 10:53,1,1
7/7/2017 10:53,4,3
7/7/2017 10:53,1,1
7/7/2017 10:53,4,3
7/7/2017 10:53,4,3
7/7/2017 10:53,1,1
7/7/2017 10:53,1,1
7/7/2017 10:53,4,3
7/7/2017 10:53,1,1
7/7/2017 10:53,4,3
7/7/2017 10:53,1,1
7/7/2017 10:54,4,3
7/7/2017 10:54,1,1
7/7/2017 10:54,4,3
7/7/2017 10:54,1,1
7/7/2017 10:55,4,3
7/7/2017 10:55,1,1
7/7/2017 10:55,4,3
7/7/2017 10:55,4,3
7/7/2017 10:55,1,1
7/7/2017 10:55,1,1
7/7/2017 10:55,4,3
7/7/2017 10:55,1,1
7/7/2017 10:55,4,3
7/7/2017 10:55,1,1
7/7/2017 10:56,4,3
7/7/2017 10:56,1,1
7/7/2017 10:56,4,3
7/7/2017 10:56,1,1
7/7/2017 10:56,4,3
7/7/2017 10:56,1,1
7/7/2017 10:56,4,3
7/7/2017 10:56,4,3
7/7/2017 10:56,1,1
7/7/2017 10:56,1,1
7/7/2017 10:56,4,3
7/7/2017 10:56,1,1
7/7/2017 10:57,4,3
7/7/2017 10:57,1,1
7/7/2017 10:58,4,3
7/7/2017 10:58,1,1
7/7/2017 10:58,4,3
7/7/2017 10:58,1,1
7/7/2017 10:58,4,3
7/7/2017 10:58,1,1
7/7/2017 10:58,4,3
7/7/2017 10:58,4,3
7/7/2017 10:58,1,1
7/7/2017 10:58,1,1
7/7/2017 10:58,4,3
7/7/2017 10:58,1,1
7/7/2017 10:58,4,3
7/7/2017 10:58,1,1
7/7/2017 10:59,4,3
7/7/2017 10:59,1,1
7/7/2017 10:59,4,3
7/7/2017 10:59,1,1
7/7/2017 11:00,4,3
7/7/2017 11:00,1,1
7/7/2017 11:00,4,3
7/7/2017 11:00,4,3
7/7/2017 11:00,1,1
7/7/2017 11:00,1,1
7/7/2017 11:00,4,3
7/7/2017 11:00,1,1
7/7/2017 11:00,4,3
7/7/2017 11:00,1,1
7/7/2017 11:01,4,3
7/7/2017 11:01,1,1
7/7/2017 11:01,4,3
7/7/2017 11:01,1,1
7/7/2017 11:01,4,3
7/7/2017 11:01,1,1
7/7/2017 11:01,4,3
7/7/2017 11:01,4,3
7/7/2017 11:01,1,1
7/7/2017 11:01,1,1
7/7/2017 11:01,4,3
7/7/2017 11:01,1,1
7/7/2017 11:02,4,3
7/7/2017 11:02,1,1
7/7/2017 11:03,3,3
7/7/2017 11:03,3,3
7/7/2017 11:03,3,3
7/7/2017 11:03,3,3
7/7/2017 11:03,3,3
7/7/2017 11:03,3,3
7/7/2017 11:03,3,3
7/7/2017 11:04,3,3
7/7/2017 11:04,3,3
7/7/2017 11:05,3,3
7/7/2017 11:05,3,3
7/7/2017 11:05,3,3
7/7/2017 11:05,3,3
7/7/2017 11:05,3,3
7/7/2017 11:06,3,3
7/7/2017 11:06,3,3
7/7/2017 11:06,3,3
7/7/2017 11:06,3,3
7/7/2017 11:06,3,3
7/7/2017 11:07,3,3
7/7/2017 11:07,3,3
7/7/2017 11:08,3,3
7/7/2017 11:08,3,3
7/7/2017 11:08,3,3
7/7/2017 11:08,3,3
7/7/2017 11:08,3,3
7/7/2017 11:08,3,3
7/7/2017 11:08,3,3
7/7/2017 11:09,3,3
7/7/2017 11:10,3,3
7/7/2017 11:10,3,3
7/7/2017 11:10,3,3
7/7/2017 11:10,3,3
7/7/2017 11:10,3,3
7/7/2017 11:10,3,3
7/7/2017 11:11,3,3
7/7/2017 11:11,3,3
7/7/2017 11:11,3,3
7/7/2017 11:11,3,3
7/7/2017 11:11,3,3
7/7/2017 11:12,3,3
7/7/2017 11:12,3,3
7/7/2017 11:13,3,3
7/7/2017 11:13,3,3
7/7/2017 11:13,3,3
7/7/2017 11:13,3,3
7/7/2017 11:13,3,3
7/7/2017 11:13,3,3
7/7/2017 11:13,3,3
7/7/2017 11:15,3,3
7/7/2017 11:15,3,3
7/7/2017 11:15,3,3
7/7/2017 11:15,3,3
7/7/2017 11:15,3,3
7/7/2017 11:15,3,3
7/7/2017 11:15,3,3
7/7/2017 11:16,3,3
7/7/2017 11:16,3,3
7/7/2017 11:16,3,3
7/7/2017 11:16,3,3
7/7/2017 11:16,3,3
7/7/2017 11:17,3,3
7/7/2017 11:17,3,3
7/7/2017 11:18,3,3
7/7/2017 11:18,3,3
7/7/2017 11:18,3,3
7/7/2017 11:18,3,3
7/7/2017 11:18,3,3
7/7/2017 11:18,3,3
7/7/2017 11:18,3,3
7/7/2017 11:20,3,3
7/7/2017 11:20,3,3
7/7/2017 11:20,3,3
7/7/2017 11:20,3,3
7/7/2017 11:20,3,3
7/7/2017 11:20,3,3
7/7/2017 11:20,3,3
7/7/2017 11:20,10,10
7/7/2017 11:21,1,1
7/7/2017 11:21,3,3
7/7/2017 11:21,3,3
7/7/2017 11:21,3,3
7/7/2017 11:21,3,3
7/7/2017 11:21,3,3
7/7/2017 11:22,3,3
7/7/2017 11:22,3,3
7/7/2017 11:23,3,3
7/7/2017 11:23,3,3
7/7/2017 11:23,3,3
7/7/2017 11:23,3,3
7/7/2017 11:23,3,3
7/7/2017 11:23,3,3
7/7/2017 11:23,3,3
7/7/2017 11:25,3,3
7/7/2017 11:25,3,3
7/7/2017 11:25,3,3
7/7/2017 11:25,3,3
7/7/2017 11:25,3,3
7/7/2017 11:25,3,3
7/7/2017 11:25,3,3
7/7/2017 11:26,3,3
7/7/2017 11:26,3,3
7/7/2017 11:26,3,3
7/7/2017 11:26,3,3
7/7/2017 11:26,3,3
7/7/2017 11:27,3,3
7/7/2017 11:27,3,3
7/7/2017 11:28,3,3
7/7/2017 11:28,3,3
7/7/2017 11:28,3,3
7/7/2017 11:28,3,3
7/7/2017 11:28,3,3
7/7/2017 11:28,3,3
7/7/2017 11:28,3,3
7/7/2017 11:30,3,3
7/7/2017 11:30,3,3
7/7/2017 11:30,3,3
7/7/2017 11:30,3,3
7/7/2017 11:30,3,3
7/7/2017 11:30,3,3
7/7/2017 11:30,3,3
7/7/2017 11:31,3,3
7/7/2017 11:31,3,3
7/7/2017 11:32,3,3
7/7/2017 11:32,3,3
7/7/2017 11:32,3,3
7/7/2017 11:32,3,3
7/7/2017 11:32,3,3
7/7/2017 11:33,3,3
7/7/2017 11:33,3,3
7/7/2017 11:33,3,3
7/7/2017 11:33,3,3
7/7/2017 11:33,3,3
7/7/2017 11:33,3,3
7/7/2017 11:34,3,3
7/7/2017 11:35,3,3
7/7/2017 11:35,3,3
7/7/2017 11:35,3,3
7/7/2017 11:35,3,3
7/7/2017 11:35,3,3
7/7/2017 11:35,3,3
7/7/2017 11:35,3,3
7/7/2017 11:36,3,3
7/7/2017 11:36,3,3
7/7/2017 11:37,3,3
7/7/2017 11:37,3,3
7/7/2017 11:37,3,3
7/7/2017 11:37,3,3
7/7/2017 11:37,3,3
7/7/2017 11:38,3,3
7/7/2017 11:38,3,3
7/7/2017 11:38,3,3
7/7/2017 11:38,3,3
7/7/2017 11:38,3,3
7/7/2017 11:39,3,3
7/7/2017 11:39,3,3
7/7/2017 11:40,3,3
7/7/2017 11:40,3,3
7/7/2017 11:40,3,3
7/7/2017 11:40,3,3
7/7/2017 11:40,3,3
7/7/2017 11:40,3,3
7/7/2017 11:40,3,3
7/7/2017 11:41,3,3
7/7/2017 11:42,3,3
7/7/2017 11:42,3,3
7/7/2017 11:42,3,3
7/7/2017 11:42,3,3
7/7/2017 11:42,3,3
7/7/2017 11:42,3,3
7/7/2017 11:43,3,3
7/7/2017 11:43,3,3
7/7/2017 11:43,3,3
7/7/2017 11:43,3,3
7/7/2017 11:43,3,3
7/7/2017 11:44,3,3
7/7/2017 11:44,3,3
7/7/2017 11:45,3,3
7/7/2017 11:45,3,3
7/7/2017 11:45,3,3
7/7/2017 11:45,3,3
7/7/2017 11:45,3,3
7/7/2017 11:45,3,3
7/7/2017 11:45,3,3
7/7/2017 11:47,3,3
7/7/2017 11:47,3,3
7/7/2017 11:47,3,3
7/7/2017 11:47,3,3
7/7/2017 11:47,3,3
7/7/2017 11:47,3,3
7/7/2017 11:47,3,3
7/7/2017 11:48,3,3
7/7/2017 11:48,3,3
7/7/2017 11:48,3,3
7/7/2017 11:48,3,3
7/7/2017 11:48,3,3
7/7/2017 11:49,3,3
7/7/2017 11:49,3,3
7/7/2017 11:50,3,3
7/7/2017 11:50,3,3
7/7/2017 11:50,3,3
7/7/2017 11:50,3,3
7/7/2017 11:50,3,3
7/7/2017 11:50,3,3
7/7/2017 11:50,3,3
7/7/2017 11:52,3,3
7/7/2017 11:52,3,3
7/7/2017 11:52,3,3
7/7/2017 11:52,3,3
7/7/2017 11:52,3,3
7/7/2017 11:52,3,3
7/7/2017 11:52,3,3
7/7/2017 11:53,3,3
7/7/2017 11:53,3,3
7/7/2017 11:53,3,3
7/7/2017 11:53,3,3
7/7/2017 11:53,3,3
7/7/2017 11:54,3,3
7/7/2017 11:54,3,3
7/7/2017 11:55,3,3
7/7/2017 11:55,3,3
7/7/2017 11:55,3,3
7/7/2017 11:55,3,3
7/7/2017 11:55,3,3
7/7/2017 11:55,3,3
7/7/2017 11:55,3,3
7/7/2017 11:57,3,3
7/7/2017 11:57,3,3
7/7/2017 11:57,3,3
7/7/2017 11:57,3,3
7/7/2017 11:57,3,3
7/7/2017 11:57,3,3
7/7/2017 11:57,3,3
7/7/2017 11:58,3,3
7/7/2017 11:58,3,3
7/7/2017 11:58,3,3
7/7/2017 11:58,3,3
7/7/2017 11:58,3,3
7/7/2017 11:59,3,3
7/7/2017 11:59,3,3
7/7/2017 12:00,3,3
7/7/2017 12:00,3,3
7/7/2017 12:00,3,3
7/7/2017 12:00,3,3
7/7/2017 12:00,3,3
7/7/2017 12:00,3,3
7/7/2017 12:00,3,3
7/7/2017 12:02,3,3
7/7/2017 12:02,3,3
7/7/2017 12:02,3,3
7/7/2017 12:02,3,3
7/7/2017 12:02,3,3
7/7/2017 12:02,3,3
7/7/2017 12:02,3,3
7/7/2017 12:03,3,3
7/7/2017 12:03,3,3
7/7/2017 12:03,3,3
7/7/2017 12:04,3,3
7/7/2017 12:04,3,3
7/7/2017 12:04,3,3
7/7/2017 12:04,3,3
7/7/2017 12:05,3,3
7/7/2017 12:05,3,3
7/7/2017 12:05,3,3
7/7/2017 12:05,3,3
7/7/2017 12:05,3,3
7/7/2017 12:05,3,3
7/7/2017 12:06,3,3
7/7/2017 12:07,3,3
7/7/2017 12:07,3,3
7/7/2017 12:07,3,3
7/7/2017 12:07,3,3
7/7/2017 12:07,3,3
7/7/2017 12:07,3,3
7/7/2017 12:07,3,3
7/7/2017 12:08,3,3
7/7/2017 12:08,3,3
7/7/2017 12:09,3,3
7/7/2017 12:09,3,3
7/7/2017 12:09,3,3
7/7/2017 12:09,3,3
7/7/2017 12:09,3,3
7/7/2017 12:10,3,3
7/7/2017 12:10,3,3
7/7/2017 12:10,3,3
7/7/2017 12:10,3,3
7/7/2017 12:10,3,3
7/7/2017 12:10,3,3
7/7/2017 12:11,3,3
7/7/2017 12:12,3,3
7/7/2017 12:12,3,3
7/7/2017 12:12,3,3
7/7/2017 12:12,3,3
7/7/2017 12:12,3,3
7/7/2017 12:12,3,3
7/7/2017 12:12,3,3
7/7/2017 12:13,3,3
7/7/2017 12:13,3,3
7/7/2017 12:14,3,3
7/7/2017 12:14,3,3
7/7/2017 12:14,3,3
7/7/2017 12:14,3,3
7/7/2017 12:14,3,3
7/7/2017 12:15,3,3
7/7/2017 12:15,3,3
7/7/2017 12:15,3,3
7/7/2017 12:15,3,3
7/7/2017 12:15,3,3
7/7/2017 12:16,3,3
7/7/2017 12:16,3,3
7/7/2017 12:17,3,3
7/7/2017 12:17,3,3
7/7/2017 12:17,3,3
7/7/2017 12:17,3,3
7/7/2017 12:17,3,3
7/7/2017 12:17,3,3
7/7/2017 12:17,3,3
7/7/2017 12:19,3,3
7/7/2017 12:19,3,3
7/7/2017 12:19,3,3
7/7/2017 12:19,3,3
7/7/2017 12:19,3,3
7/7/2017 12:19,3,3
7/7/2017 12:19,3,3
7/7/2017 12:20,3,3
7/7/2017 12:20,3,3
7/7/2017 12:20,3,3
7/7/2017 12:20,3,3
7/7/2017 12:20,3,3
7/7/2017 12:21,3,3
7/7/2017 12:21,3,3
7/7/2017 12:22,3,3
7/7/2017 12:22,3,3
7/7/2017 12:22,3,3
7/7/2017 12:22,3,3
7/7/2017 12:22,3,3
7/7/2017 12:22,3,3
7/7/2017 12:22,3,3
7/7/2017 12:24,3,3
7/7/2017 12:24,3,3
7/7/2017 12:24,3,3
7/7/2017 12:24,3,3
7/7/2017 12:24,3,3
7/7/2017 12:24,3,3
7/7/2017 12:24,3,3
7/7/2017 12:25,3,3
7/7/2017 12:25,3,3
7/7/2017 12:25,3,3
7/7/2017 12:25,3,3
7/7/2017 12:25,3,3
7/7/2017 12:26,3,3
7/7/2017 12:26,3,3
7/7/2017 12:27,3,3
7/7/2017 12:27,3,3
7/7/2017 12:27,3,3
7/7/2017 12:27,3,3
7/7/2017 12:27,3,3
7/7/2017 12:27,3,3
7/7/2017 12:27,3,3
7/7/2017 12:29,3,3
7/7/2017 12:29,3,3
7/7/2017 12:29,3,3
7/7/2017 12:29,3,3
7/7/2017 12:29,3,3
7/7/2017 12:29,3,3
7/7/2017 12:29,3,3
7/7/2017 12:30,3,3
7/7/2017 12:30,3,3
7/7/2017 12:30,3,3
7/7/2017 12:30,3,3
7/7/2017 12:30,3,3
7/7/2017 12:31,3,3
7/7/2017 12:31,3,3
7/7/2017 12:32,3,3
7/7/2017 12:32,3,3
7/7/2017 12:32,3,3
7/7/2017 12:32,3,3
7/7/2017 12:32,3,3
7/7/2017 12:32,3,3
7/7/2017 12:32,3,3
7/7/2017 12:34,3,3
7/7/2017 12:34,3,3
7/7/2017 12:34,3,3
7/7/2017 12:34,3,3
7/7/2017 12:34,3,3
7/7/2017 12:34,3,3
7/7/2017 12:34,3,3
7/7/2017 12:35,3,3
7/7/2017 12:35,3,3
7/7/2017 12:35,3,3
7/7/2017 12:35,3,3
7/7/2017 12:36,3,3
7/7/2017 12:36,3,3
7/7/2017 12:36,3,3
7/7/2017 12:37,3,3
7/7/2017 12:37,3,3
7/7/2017 12:37,3,3
7/7/2017 12:37,3,3
7/7/2017 12:37,3,3
7/7/2017 12:37,3,3
7/7/2017 12:37,3,3
7/7/2017 12:39,3,3
7/7/2017 12:39,3,3
7/7/2017 12:39,3,3
7/7/2017 12:39,3,3
7/7/2017 12:39,3,3
7/7/2017 12:39,3,3
7/7/2017 12:39,3,3
7/7/2017 12:40,3,3
7/7/2017 12:40,3,3
7/7/2017 12:41,3,3
7/7/2017 12:41,3,3
7/7/2017 12:41,3,3
7/7/2017 12:41,3,3
7/7/2017 12:41,3,3
7/7/2017 12:42,3,3
7/7/2017 12:42,3,3
7/7/2017 12:42,3,3
7/7/2017 12:42,3,3
7/7/2017 12:42,3,3
7/7/2017 12:42,3,3
7/7/2017 12:43,3,3
7/7/2017 12:44,3,3
7/7/2017 12:44,3,3
7/7/2017 12:44,3,3
7/7/2017 12:44,3,3
7/7/2017 12:44,3,3
7/7/2017 12:44,3,3
7/7/2017 12:44,3,3
7/7/2017 12:45,3,3
7/7/2017 12:45,3,3
7/7/2017 12:46,3,3
7/7/2017 12:46,3,3
7/7/2017 12:46,3,3
7/7/2017 12:46,3,3
7/7/2017 12:46,3,3
7/7/2017 12:47,3,3
7/7/2017 12:47,3,3
7/7/2017 12:47,3,3
7/7/2017 12:47,3,3
7/7/2017 12:47,3,3
7/7/2017 12:48,3,3
7/7/2017 12:48,3,3
7/7/2017 12:49,3,3
7/7/2017 12:49,3,3
7/7/2017 12:49,3,3
7/7/2017 12:49,3,3
7/7/2017 12:49,3,3
7/7/2017 12:49,3,3
7/7/2017 12:49,3,3
7/7/2017 12:51,3,3
7/7/2017 12:51,3,3
7/7/2017 12:51,3,3
7/7/2017 12:51,3,3
7/7/2017 12:51,3,3
7/7/2017 12:51,3,3
7/7/2017 12:51,3,3
7/7/2017 12:52,3,3
7/7/2017 12:52,3,3
7/7/2017 12:52,3,3
7/7/2017 12:52,3,3
7/7/2017 12:52,3,3
7/7/2017 12:53,3,3
7/7/2017 12:53,3,3
7/7/2017 12:54,3,3
7/7/2017 12:54,3,3
7/7/2017 12:54,3,3
7/7/2017 12:54,3,3
7/7/2017 12:54,3,3
7/7/2017 12:54,3,3
7/7/2017 12:54,3,3
7/7/2017 12:56,3,3
7/7/2017 12:56,3,3
7/7/2017 12:56,3,3
7/7/2017 12:56,3,3
7/7/2017 12:56,3,3
7/7/2017 12:56,3,3
7/7/2017 12:56,3,3
7/7/2017 12:57,3,3
7/7/2017 12:57,3,3
7/7/2017 12:57,3,3
7/7/2017 12:57,3,3
7/7/2017 12:57,3,3
7/7/2017 12:58,3,3
7/7/2017 12:58,3,3
7/7/2017 12:59,3,3
7/7/2017 12:59,3,3
7/7/2017 12:59,3,3
7/7/2017 12:59,3,3
7/7/2017 12:59,3,3
7/7/2017 12:59,3,3
7/7/2017 12:59,3,3
